Titles,Runtime,User Rating,Metascore,Votes,Gross,Genre
Star Wars: Episode VII - The Force Awakens,138,7.8,80,887665,936.66,Action
Avengers: Endgame,181,8.4,78,951205,858.37,Action
Avatar,162,7.8,83,1160171,760.51,Action
Black Panther,134,7.3,88,681500,700.06,Action
Avengers: Infinity War,149,8.4,68,933216,678.82,Action
Jurassic World,124,7.0,59,603301,652.27,Action
The Avengers,143,8.0,69,1312745,623.28,Action
Star Wars: Episode VIII - The Last Jedi,152,6.9,84,591367,620.18,Action
Incredibles 2,118,7.6,80,270632,608.58,Animation
The Lion King,118,6.8,55,227644,543.64,Animation
The Dark Knight,152,9.0,84,2431907,534.86,Action
Rogue One: A Star Wars Story,133,7.8,65,582979,532.18,Action
Star Wars: The Rise Of Skywalker,141,6.5,53,406030,515.20,Action
Beauty and the Beast,129,7.1,65,289676,504.01,Adventure
Finding Dory,97,7.3,77,255911,486.30,Animation
Frozen II,103,6.8,64,153479,477.37,Animation
Avengers: Age of Ultron,141,7.3,66,795511,459.01,Action
The Dark Knight Rises,164,8.4,78,1585463,448.14,Action
Shrek 2,93,7.2,75,438046,436.47,Animation
Toy Story 4,100,7.7,84,224481,434.04,Animation
Captain Marvel,123,6.8,64,496007,426.83,Action
The Hunger Games: Catching Fire,146,7.5,76,635111,424.67,Action
Pirates of the Caribbean: Dead Man's Chest,151,7.3,53,678083,423.32,Action
Jurassic World: Fallen Kingdom,128,6.2,51,284690,417.72,Action
Toy Story 3,103,8.2,92,789118,415.00,Animation
Wonder Woman,141,7.4,76,614006,412.56,Action
Iron Man Three,130,7.1,62,794649,409.01,Action
Captain America: Civil War,147,7.8,75,713210,408.08,Action
The Hunger Games,142,7.2,68,875461,408.01,Action
Jumanji: Welcome to the Jungle,119,6.9,58,346949,404.52,Action
Spider-Man,121,7.3,73,729145,403.71,Action
Transformers: Revenge of the Fallen,149,6.0,35,395150,402.11,Action
Frozen,102,7.4,75,593970,400.74,Animation
Spider-Man: Far from Home,129,7.4,69,385631,390.53,Action
Guardians of the Galaxy Vol. 2,136,7.6,67,614723,389.81,Action
Harry Potter and the Deathly Hallows: Part 2,130,8.1,85,806732,381.01,Adventure
Finding Nemo,100,8.1,90,987472,380.84,Animation
Star Wars: Episode III - Revenge of the Sith,140,7.5,68,740435,380.26,Action
The Lord of the Rings: The Return of the King,201,8.9,94,1717130,377.85,Action
Spider-Man 2,127,7.3,83,578917,373.59,Action
The Passion of the Christ,127,7.2,47,223210,370.78,Drama
The Secret Life of Pets,87,6.5,61,191910,368.38,Animation
Despicable Me 2,98,7.3,62,382176,368.06,Animation
The Jungle Book,106,7.4,77,267910,364.00,Adventure
Deadpool,108,8.0,65,954098,363.07,Action
Inside Out,95,8.1,94,657284,356.46,Animation
Aladdin,128,6.9,53,246117,355.56,Adventure
Furious 7,137,7.1,67,375950,353.01,Action
Transformers: Dark of the Moon,154,6.2,42,395048,352.39,Action
American Sniper,133,7.3,72,459679,350.13,Action
The Lord of the Rings: The Two Towers,179,8.7,87,1552352,342.55,Action
Zootopia,108,8.0,78,460919,341.27,Animation
The Hunger Games: Mockingjay - Part 1,123,6.6,64,431874,337.14,Action
Spider-Man 3,139,6.2,59,527064,336.53,Action
Minions,91,6.4,56,222422,336.05,Animation
Joker,122,8.4,59,1082339,335.45,Crime
Aquaman,143,6.9,55,418934,335.06,Action
Spider-Man: Homecoming,133,7.4,73,559475,334.20,Action
Alice in Wonderland,108,6.4,53,397321,334.19,Adventure
Guardians of the Galaxy,121,8.0,76,1098948,333.18,Action
Batman v Superman: Dawn of Justice,152,6.4,44,666555,330.36,Action
It,135,7.3,69,493379,327.48,Horror
Suicide Squad,123,5.9,40,654134,325.10,Action
Deadpool 2,119,7.7,66,521956,324.59,Action
Shrek the Third,93,6.1,58,292319,320.71,Animation
Transformers,144,7.0,61,614559,319.25,Action
Iron Man,126,7.9,79,988222,318.41,Action
Harry Potter and the Sorcerer's Stone,152,7.6,64,703628,317.58,Adventure
Indiana Jones and the Kingdom of the Crystal Skull,122,6.1,65,439229,317.10,Action
Jumanji: The Next Level,123,6.7,58,217102,316.83,Action
The Lord of the Rings: The Fellowship of the Ring,178,8.8,92,1738419,315.54,Action
Thor: Ragnarok,130,7.9,74,652075,315.06,Action
Iron Man 2,124,7.0,57,761771,312.43,Action
Star Wars: Episode II - Attack of the Clones,142,6.5,54,668147,310.68,Action
Pirates of the Caribbean: At World's End,169,7.1,50,616382,309.42,Action
Pirates of the Caribbean: The Curse of the Black Pearl,143,8.0,63,1048307,305.41,Action
Skyfall,143,7.8,81,662388,304.36,Action
The Hobbit: An Unexpected Journey,169,7.8,58,783025,303.00,Adventure
Harry Potter and the Half-Blood Prince,153,7.6,78,502069,301.96,Action
The Twilight Saga: Eclipse,124,5.0,58,236771,300.53,Action
The Twilight Saga: New Moon,130,4.7,44,274873,296.62,Adventure
Harry Potter and the Deathly Hallows: Part 1,146,7.7,65,505456,295.98,Adventure
Up,96,8.2,88,979747,293.00,Animation
Inception,148,8.8,74,2182286,292.58,Action
The Twilight Saga: Breaking Dawn - Part 2,115,5.5,52,240007,292.30,Adventure
Harry Potter and the Order of the Phoenix,138,7.5,71,537715,292.00,Action
"The Chronicles of Narnia: The Lion, the Witch and the Wardrobe",143,6.9,75,379963,291.71,Adventure
Man of Steel,143,7.0,55,732664,291.05,Action
Harry Potter and the Goblet of Fire,157,7.7,81,576972,290.01,Adventure
"Monsters, Inc.",92,8.1,79,854257,289.92,Animation
The Hunger Games: Mockingjay - Part 2,137,6.6,65,304185,281.72,Action
The Matrix Reloaded,138,7.2,62,545656,281.49,Action
The Twilight Saga: Breaking Dawn - Part 1,117,4.9,45,232002,281.29,Adventure
Meet the Fockers,115,6.3,41,261904,279.26,Comedy
The Hangover,100,7.7,73,745681,277.32,Comedy
Gravity,91,7.7,96,793832,274.09,Adventure
The Grinch,85,6.3,51,60088,270.62,Animation
Sing,108,7.1,59,143706,270.40,Animation
Monsters University,104,7.2,65,338912,268.49,Animation
Shrek,90,7.9,84,640816,267.67,Animation
Despicable Me 3,89,6.3,49,122895,264.62,Animation
The Amazing Spider-Man,136,6.9,66,584225,262.03,Action
Harry Potter and the Chamber of Secrets,161,7.4,63,585074,261.99,Adventure
The Incredibles,115,8.0,90,683536,261.44,Animation
How the Grinch Stole Christmas,104,6.2,46,223104,260.04,Comedy
Captain America: The Winter Soldier,136,7.7,70,781412,259.77,Action
The Hobbit: The Desolation of Smaug,161,7.8,66,624032,258.37,Adventure
The Lego Movie,100,7.7,83,336125,257.76,Animation
Star Trek,127,7.9,82,591073,257.73,Action
I Am Legend,101,7.2,65,716012,256.39,Action
The Blind Side,129,7.6,53,309601,255.96,Biography
The Hobbit: The Battle of the Five Armies,144,7.4,59,496236,255.12,Adventure
The Hangover Part II,102,6.5,44,479251,254.46,Comedy
Despicable Me,95,7.6,72,518837,251.51,Animation
Night at the Museum,108,6.4,48,328709,250.86,Adventure
Harry Potter and the Prisoner of Azkaban,142,7.9,82,583164,249.36,Adventure
Moana,107,7.6,81,299111,248.76,Animation
Transformers: Age of Extinction,165,5.6,32,305385,245.44,Action
Cars,117,7.1,73,389442,244.08,Animation
Bruce Almighty,101,6.8,46,385317,242.83,Comedy
My Big Fat Greek Wedding,95,6.6,62,125376,241.44,Comedy
Maleficent,97,7.0,56,358554,241.41,Action
Pirates of the Caribbean: On Stranger Tides,136,6.6,45,499343,241.06,Action
Furious 6,130,7.0,61,382458,238.68,Action
Shrek Forever After,93,6.3,58,194004,238.37,Animation
Brave,93,7.1,69,389612,237.28,Animation
Oz the Great and Powerful,130,6.3,44,203308,234.91,Adventure
X-Men: The Last Stand,104,6.7,58,497542,234.36,Action
War of the Worlds,116,6.5,73,430379,234.28,Action
Fantastic Beasts and Where to Find Them,132,7.3,66,430243,234.04,Adventure
X-Men: Days of Future Past,132,7.9,75,681598,233.92,Action
Cast Away,143,7.8,73,554907,233.63,Adventure
Doctor Strange,115,7.5,72,649170,232.64,Action
Justice League,120,6.1,45,427020,229.02,Action
Star Trek Into Darkness,132,7.7,72,473077,228.78,Action
The Martian,144,8.0,80,799112,228.43,Adventure
Signs,106,6.7,59,349487,227.97,Drama
Hancock,92,6.4,49,461145,227.95,Action
The Bourne Ultimatum,115,8.0,85,617666,227.47,Action
Logan,137,8.1,77,692719,226.28,Action
Rush Hour 2,90,6.6,48,209180,226.16,Action
The Fate of the Furious,136,6.6,56,220149,226.01,Action
WALL·E,98,8.4,95,1046861,223.81,Animation
Big Hero 6,102,7.8,74,431330,222.53,Animation
Mission: Impossible - Fallout,147,7.7,86,309535,220.16,Action
National Treasure: Book of Secrets,124,6.5,48,226947,219.96,Action
Alvin and the Chipmunks: The Squeakquel,88,4.5,41,46456,219.61,Animation
Ted,106,6.9,62,588048,218.82,Comedy
King Kong,187,7.2,81,408163,218.08,Action
How to Train Your Dragon,98,8.1,75,696484,217.58,Animation
The Da Vinci Code,149,6.6,46,416291,217.54,Mystery
Alvin and the Chipmunks,92,5.2,39,81091,217.33,Animation
Ant-Man and the Wasp,118,7.0,70,348664,216.65,Action
Bohemian Rhapsody,134,7.9,49,491228,216.43,Biography
Madagascar 3: Europe's Most Wanted,93,6.8,60,171646,216.39,Animation
Kung Fu Panda,92,7.6,74,440132,215.43,Animation
Mission: Impossible II,123,6.1,59,326546,215.41,Action
A Star Is Born,136,7.6,88,357759,215.29,Drama
X2: X-Men United,134,7.4,68,528874,214.95,Action
The Lorax,86,6.4,46,105124,214.03,Animation
Solo: A Star Wars Story,135,6.9,62,314721,213.77,Action
Venom,112,6.7,35,419548,213.52,Action
Austin Powers in Goldmember,94,6.2,62,202510,213.31,Action
It Chapter Two,169,6.5,58,232791,211.59,Drama
300,117,7.6,52,759324,210.61,Action
Fast Five,130,7.3,66,367968,209.84,Action
Coco,105,8.4,81,436500,209.73,Animation
Mission: Impossible - Ghost Protocol,132,7.4,73,471218,209.40,Action
Wedding Crashers,119,6.9,64,342806,209.22,Comedy
Sherlock Holmes,128,7.6,57,604994,209.03,Action
Dawn of the Planet of the Apes,130,7.6,79,424109,208.55,Action
Batman Begins,140,8.2,70,1365973,206.85,Action
Charlie and the Chocolate Factory,115,6.6,72,449282,206.46,Adventure
Ratatouille,111,8.0,96,672515,206.45,Animation
Thor: The Dark World,112,6.8,54,631427,206.36,Action
Bad Boys for Life,124,6.6,59,145211,206.31,Action
The Amazing Spider-Man 2,142,6.5,53,437956,202.85,Action
World War Z,116,7.0,63,628551,202.36,Action
The Mummy Returns,130,6.4,48,311883,202.02,Action
Cinderella,105,6.9,67,169304,201.15,Adventure
Ralph Breaks the Internet,112,7.0,71,145318,201.09,Animation
Tangled,100,7.7,71,424876,200.82,Animation
Godzilla,123,6.4,62,399611,200.68,Action
Superman Returns,154,6.0,72,276657,200.08,Action
Spectre,148,6.8,60,410506,200.07,Action
Pearl Harbor,183,6.2,44,321224,198.54,Action
Monsters vs. Aliens,94,6.4,56,154219,198.35,Animation
Happy Feet,108,6.4,77,177363,198.00,Animation
Ice Age: Dawn of the Dinosaurs,94,6.9,50,233509,196.57,Animation
Ice Age: The Meltdown,91,6.8,60,266212,195.33,Animation
Mission: Impossible - Rogue Nation,131,7.4,75,355701,195.04,Action
Madagascar,86,6.9,57,381924,193.60,Animation
22 Jump Street,112,7.0,71,359233,191.72,Action
Twilight,122,5.2,56,444347,191.47,Drama
Cars 2,106,6.1,57,172765,191.45,Animation
Teenage Mutant Ninja Turtles,101,5.8,31,205490,191.20,Action
Men in Black II,88,6.2,49,357300,190.42,Action
Spider-Man: Into the Spider-Verse,117,8.4,87,432726,190.24,Animation
Wreck-It Ralph,101,7.7,72,397704,189.42,Animation
Dunkirk,106,7.8,94,599953,188.37,Action
A Quiet Place,90,7.5,82,484137,188.02,Drama
Interstellar,169,8.6,74,1628135,188.02,Adventure
Gladiator,155,8.5,67,1405783,187.71,Action
The Croods,98,7.2,55,202958,187.17,Animation
Sherlock Holmes: A Game of Shadows,129,7.5,48,435437,186.85,Action
The Day After Tomorrow,124,6.4,47,430614,186.74,Action
Mr. & Mrs. Smith,120,6.5,55,469005,186.34,Action
Pitch Perfect 2,115,6.4,63,149305,184.30,Comedy
The Revenant,156,8.0,76,746756,183.64,Action
Ocean's Eleven,116,7.7,74,541348,183.42,Crime
The Polar Express,100,6.6,61,188269,183.37,Animation
The Simpsons Movie,87,7.3,80,318480,183.14,Animation
What Women Want,127,6.4,47,200966,182.81,Comedy
The Perfect Storm,130,6.4,59,162017,182.62,Action
Lincoln,150,7.3,86,252775,182.21,Biography
Jurassic Park III,92,5.9,42,305917,181.17,Action
Thor,115,7.0,57,787182,181.03,Action
Ant-Man,117,7.3,64,610945,180.20,Action
Planet of the Apes,119,5.7,50,215143,180.01,Action
Madagascar: Escape 2 Africa,89,6.6,61,215260,180.01,Animation
X-Men Origins: Wolverine,107,6.6,40,483522,179.88,Action
Hitch,118,6.6,58,305448,179.50,Comedy
Men in Black 3,106,6.8,58,347362,179.02,Action
Home,94,6.6,55,97545,177.40,Animation
Night at the Museum: Battle of the Smithsonian,105,6.0,42,186139,177.24,Adventure
How to Train Your Dragon 2,102,7.8,76,318065,177.00,Animation
Rise of the Planet of the Apes,105,7.5,68,509818,176.76,Action
Captain America: The First Avenger,124,6.9,66,786310,176.65,Action
The Karate Kid,140,6.2,61,171742,176.59,Action
Ice Age,81,7.5,60,459061,176.39,Animation
The Bourne Supremacy,108,7.7,73,447564,176.24,Action
Get Out,104,7.7,85,534506,176.04,Horror
The Lego Batman Movie,104,7.3,75,138725,175.75,Animation
Us,116,6.8,81,259258,175.08,Horror
The Boss Baby,97,6.3,50,117885,175.00,Animation
Crazy Rich Asians,120,6.9,74,156851,174.53,Comedy
The Greatest Showman,105,7.6,48,257812,174.34,Biography
Fast & Furious Presents: Hobbs & Shaw,137,6.4,60,195372,173.96,Action
Elf,97,7.0,64,239683,173.40,Adventure
National Treasure,131,6.9,39,316515,173.01,Action
Pirates of the Caribbean: Dead Men Tell No Tales,129,6.5,39,282404,172.56,Action
TRON: Legacy,125,6.8,49,323866,172.06,Action
Mary Poppins Returns,130,6.7,66,82326,171.96,Comedy
True Grit,110,7.6,80,324486,171.24,Drama
John Wick: Chapter 3 - Parabellum,130,7.4,73,308309,171.02,Action
A Beautiful Mind,135,8.2,72,884595,170.74,Biography
Chicago,113,7.2,81,222749,170.69,Comedy
The Help,146,8.0,62,440644,169.71,Drama
Hotel Transylvania 2,89,6.7,44,116361,169.70,Animation
Hidden Figures,127,7.8,74,213284,169.61,Biography
Bridesmaids,125,6.8,75,280924,169.11,Comedy
Quantum of Solace,106,6.6,58,426905,168.37,Action
Wild Hogs,100,5.8,27,116392,168.27,Action
Kong: Skull Island,118,6.6,62,299942,168.05,Action
Gone Girl,149,8.1,79,914063,167.77,Drama
Hotel Transylvania 3: Summer Vacation,97,6.3,54,64639,167.51,Animation
Casino Royale,144,8.0,80,618033,167.45,Action
Meet the Parents,108,7.0,73,321564,166.24,Comedy
Fifty Shades of Grey,125,4.1,46,307489,166.17,Drama
2012,158,5.8,49,364804,166.11,Action
Knives Out,130,7.9,82,540457,165.36,Comedy
Kung Fu Panda 2,90,7.2,67,266910,165.25,Animation
Hannibal,131,6.8,57,264305,165.09,Crime
Catch Me If You Can,141,8.1,75,892627,164.62,Biography
The Proposal,108,6.7,48,308416,163.96,Comedy
The Pursuit of Happyness,117,8.0,64,475627,163.57,Biography
Clash of the Titans,106,5.8,39,276502,163.21,Action
The SpongeBob Movie: Sponge Out of Water,92,6.0,62,52531,162.99,Animation
Django Unchained,165,8.4,81,1435386,162.81,Drama
Jason Bourne,123,6.6,58,216628,162.43,Action
Grown Ups,102,6.0,30,238088,162.00,Comedy
Ice Age: Continental Drift,88,6.5,49,199642,161.32,Animation
Straight Outta Compton,147,7.8,72,189536,161.20,Biography
Die Another Day,133,6.1,56,212661,160.94,Action
Shark Tale,90,6.0,48,174656,160.86,Animation
How to Train Your Dragon: The Hidden World,104,7.5,71,115748,160.80,Animation
The Heat,117,6.6,60,166919,159.58,Action
Fantastic Beasts: The Crimes of Grindelwald,134,6.5,52,240191,159.56,Adventure
Halloween,106,6.6,67,135838,159.34,Crime
1917,119,8.3,78,499208,159.23,Action
The Secret Life of Pets 2,86,6.5,55,56952,158.87,Animation
Star Trek Beyond,122,7.0,68,237485,158.85,Action
The Longest Yard,113,6.4,48,170028,158.12,Comedy
X-Men,104,7.4,64,589678,157.30,Action
Scary Movie,88,6.2,48,244448,157.02,Comedy
What Lies Beneath,130,6.6,51,122044,155.46,Drama
X-Men: Apocalypse,144,6.9,52,411244,155.44,Action
Snow White and the Huntsman,127,6.1,57,281247,155.33,Action
San Andreas,114,6.1,43,225078,155.19,Action
Fast & Furious,107,6.6,46,275893,155.06,Action
Over the Hedge,83,6.7,67,167014,155.02,Animation
Fantastic Four,106,5.7,40,319587,154.70,Action
Horton Hears a Who!,86,6.8,71,134648,154.53,Animation
Mad Max: Fury Road,120,8.1,90,932590,154.06,Action
Trolls,92,6.5,55,76578,153.71,Animation
Scooby-Doo,86,5.2,35,105723,153.29,Adventure
Cars 3,102,6.7,59,86184,152.90,Animation
Sex and the City,145,5.6,53,118868,152.65,Comedy
G.I. Joe: The Rise of Cobra,118,5.8,32,204940,152.27,Action
La La Land,128,8.0,94,540714,151.10,Comedy
Divergent,139,6.6,48,440652,150.95,Action
We're the Millers,110,7.0,44,424560,150.39,Comedy
Terminator 3: Rise of the Machines,109,6.3,66,387329,150.37,Action
Daddy's Home,96,6.2,42,114030,150.36,Comedy
Neighbors,97,6.3,68,298382,150.16,Comedy
American Hustle,138,7.2,90,463327,150.12,Crime
Puss in Boots,90,6.6,65,151069,149.26,Animation
Sonic the Hedgehog,99,6.5,47,107187,148.97,Action
Les Misérables,158,7.6,63,318755,148.81,Drama
Knocked Up,129,6.9,85,359612,148.73,Comedy
Megamind,95,7.3,63,242105,148.42,Animation
Little Fockers,98,5.5,27,109871,148.38,Comedy
Hotel Transylvania,91,7.1,47,237878,148.31,Animation
Talladega Nights: The Ballad of Ricky Bobby,108,6.6,66,175639,148.21,Comedy
Gran Torino,116,8.1,72,744458,148.10,Drama
War for the Planet of the Apes,140,7.4,82,240415,146.88,Action
X: First Class,131,7.7,65,664750,146.41,Action
Lilo & Stitch,92,7.3,73,178085,145.79,Animation
American Pie 2,108,6.4,43,247611,145.10,Comedy
Taken,90,7.8,51,582160,145.00,Action
The Great Gatsby,143,7.2,55,505988,144.84,Drama
"I, Robot",115,7.1,59,516729,144.80,Action
The Fast and the Furious,106,6.8,58,369126,144.53,Action
Mamma Mia!,108,6.4,51,228629,144.13,Comedy
Pokémon Detective Pikachu,104,6.6,53,150755,144.11,Action
Rio,96,6.9,63,216211,143.62,Animation
Kung Fu Panda 3,95,7.1,66,145151,143.53,Animation
Juno,96,7.4,81,504244,143.50,Comedy
Marley & Me,115,7.1,53,152326,143.15,Comedy
The Meg,113,5.6,46,161172,143.01,Action
The Smurfs,103,5.4,30,87196,142.61,Animation
Once Upon a Time... In Hollywood,161,7.6,83,645676,142.50,Comedy
xXx,124,5.9,48,176744,142.11,Action
The Chronicles of Narnia: Prince Caspian,150,6.5,62,201982,141.62,Action
Slumdog Millionaire,120,8.0,84,819764,141.32,Drama
Shazam!,132,7.0,71,297646,140.37,Action
Ocean's Eight,110,6.3,61,202545,140.22,Action
Rush Hour 3,91,6.2,44,160258,140.13,Action
Taken 2,92,6.3,45,298124,139.85,Action
The Matrix Revolutions,129,6.8,47,471193,139.31,Action
The Santa Clause 2,104,5.7,48,53205,139.24,Comedy
The King's Speech,118,8.0,88,658067,138.80,Biography
Cheaper by the Dozen,98,5.9,46,98496,138.61,Comedy
Bad Boys II,147,6.6,38,240666,138.61,Action
21 Jump Street,109,7.2,69,529085,138.45,Action
Split,117,7.3,62,458081,138.29,Horror
A Christmas Carol,96,6.8,55,107483,137.86,Animation
Dinosaur,82,6.5,56,57070,137.75,Animation
Ready Player One,140,7.4,64,400118,137.69,Action
The Conjuring,112,7.5,68,475859,137.40,Horror
Click,107,6.4,45,317335,137.36,Comedy
Argo,120,7.7,86,592147,136.03,Biography
Anger Management,106,6.2,52,209412,135.65,Comedy
Chicken Little,81,5.7,48,89263,135.39,Animation
Ride Along,99,6.2,41,108728,134.94,Action
Live Free or Die Hard,128,7.1,69,397310,134.53,Action
The Incredible Hulk,112,6.6,61,457994,134.52,Action
Wanted,110,6.7,64,375193,134.51,Action
Identity Thief,111,5.7,35,129350,134.51,Comedy
Mission: Impossible III,126,6.9,66,341884,134.03,Action
Grown Ups 2,101,5.4,19,147006,133.67,Comedy
Troy,163,7.3,56,508556,133.38,Drama
Angels & Demons,138,6.7,48,283349,133.38,Action
Alvin and the Chipmunks: Chipwrecked,87,4.3,24,33536,133.11,Animation
Bringing Down the House,105,5.6,39,35858,132.72,Comedy
The Wolverine,126,6.7,61,445088,132.56,Action
Wonder,113,8.0,66,153761,132.42,Drama
The Departed,151,8.5,85,1246270,132.38,Crime
Hulk,138,5.6,54,259684,132.18,Action
Silver Linings Playbook,122,7.7,81,682686,132.09,Comedy
Minority Report,145,7.6,80,528238,132.07,Action
Fantastic Four: Rise of the Silver Surfer,92,5.6,45,257401,131.92,Action
The Last Airbender,103,4.0,20,158738,131.56,Action
Rio 2,101,6.3,49,85277,131.54,Animation
Lara Croft: Tomb Raider,100,5.8,33,204440,131.14,Action
Get Smart,110,6.5,54,210873,130.32,Action
The Divergent Series: Insurgent,119,6.2,42,227103,130.18,Action
The Peanuts Movie,88,7.1,67,44184,130.18,Animation
Transformers: The Last Knight,154,5.2,27,142993,130.17,Action
American Gangster,157,7.8,76,407770,130.16,Biography
The Ring,115,7.1,57,334304,129.13,Horror
Borat: Cultural Learnings of America for Make Benefit Glorious Nation of Kazakhstan,84,7.3,89,391937,128.51,Comedy
Ghostbusters: Answer the Call,117,6.5,60,213865,128.34,Action
Kingsman: The Secret Service,129,7.7,60,619455,128.26,Action
Robots,91,6.3,64,139329,128.20,Animation
"Crouching Tiger, Hidden Dragon",120,7.8,94,261389,128.08,Action
Shutter Island,138,8.2,63,1203325,128.01,Mystery
Into the Woods,125,5.9,69,136955,128.00,Adventure
Enchanted,107,7.0,75,188336,127.81,Animation
The Curious Case of Benjamin Button,166,7.8,70,616598,127.51,Drama
Central Intelligence,107,6.3,52,170656,127.44,Action
Anchorman 2: The Legend Continues,119,6.3,61,174729,127.35,Comedy
Sweet Home Alabama,108,6.2,45,107677,127.22,Comedy
Bumblebee,114,6.7,66,151832,127.20,Action
2 Fast 2 Furious,107,5.9,38,263797,127.15,Action
Super 8,112,7.0,72,346461,127.00,Mystery
Lucy,89,6.4,61,468944,126.66,Action
The Legend of Tarzan,110,6.2,44,170394,126.64,Action
Bee Movie,91,6.1,54,151652,126.63,Animation
Prometheus,124,7.0,64,586191,126.48,Adventure
Safe House,115,6.7,52,215918,126.37,Action
Mr. Deeds,96,5.8,24,140363,126.29,Comedy
Erin Brockovich,131,7.4,73,187068,125.60,Biography
Ocean's Twelve,125,6.5,58,373920,125.54,Crime
Terminator Salvation,115,6.5,49,351819,125.32,Action
Charlie's Angels,98,5.6,52,182557,125.31,Action
Lone Survivor,121,7.5,60,276461,125.10,Action
Sully,96,7.4,74,254771,125.07,Biography
The Vow,104,6.8,43,189127,125.01,Drama
Life of Pi,127,7.9,79,602012,124.99,Adventure
The Fault in Our Stars,126,7.7,69,358533,124.87,Drama
Cloudy with a Chance of Meatballs,90,6.9,66,217200,124.87,Animation
The Devil Wears Prada,109,6.9,62,391991,124.74,Comedy
Something's Gotta Give,128,6.7,66,116835,124.73,Comedy
Traffic,147,7.6,86,202246,124.12,Crime
Rango,107,7.2,75,249777,123.48,Animation
Nutty Professor II: The Klumps,106,4.4,38,49991,123.31,Comedy
The Good Dinosaur,93,6.7,66,108559,123.09,Animation
G.I. Joe: Retaliation,110,5.8,41,178101,122.52,Action
The Bourne Identity,119,7.9,68,525343,121.66,Action
Superbad,113,7.6,76,545165,121.46,Comedy
50 First Dates,99,6.8,48,339992,120.91,Comedy
Mamma Mia! Here We Go Again,114,6.6,60,87536,120.63,Comedy
Inglourious Basterds,153,8.3,69,1340303,120.54,Adventure
Janatha Garage,162,7.3,NaN,6544,120.50,Action
Seabiscuit,140,7.3,72,70675,120.28,Drama
Van Helsing,131,6.1,35,255200,120.18,Action
Four Christmases,88,5.7,41,67870,120.15,Comedy
I Now Pronounce You Chuck & Larry,115,5.9,37,144242,120.06,Comedy
Cloudy with a Chance of Meatballs 2,95,6.4,59,96533,119.79,Animation
Walk the Line,136,7.8,72,242252,119.52,Biography
G-Force,88,5.1,41,44801,119.44,Animation
The Other Guys,107,6.7,64,253704,119.22,Action
Fahrenheit 9/11,122,7.5,67,128305,119.19,Documentary
The Sum of All Fears,124,6.4,45,111212,118.91,Action
Hairspray,117,6.7,81,124603,118.87,Comedy
The Break-Up,106,5.8,45,129304,118.70,Comedy
A Series of Unfortunate Events,108,6.8,62,202343,118.63,Adventure
Blades of Glory,93,6.3,64,163422,118.59,Comedy
Salt,100,6.4,65,304990,118.31,Action
Now You See Me,115,7.2,50,623196,117.72,Crime
Ford v Ferrari,152,8.1,81,339243,117.62,Action
Big Momma's House,99,5.2,33,83442,117.56,Action
Horrible Bosses,98,6.8,57,433588,117.54,Comedy
The Nun,96,5.3,46,130889,117.45,Horror
Jackass 3D,94,7.0,56,59798,117.22,Documentary
Ocean's Thirteen,122,6.9,62,333266,117.15,Crime
S.W.A.T.,117,6.0,45,143224,116.93,Action
The Wolf of Wall Street,180,8.2,75,1274425,116.90,Biography
8 Mile,110,7.1,77,266530,116.72,Drama
The Butler,132,7.2,65,112078,116.63,Biography
Green Lantern,114,5.5,39,276337,116.60,Action
Ghost Rider,110,5.3,35,230374,115.80,Action
Creed II,130,7.1,66,115155,115.72,Drama
Remember the Titans,113,7.8,48,205652,115.65,Biography
District 9,112,7.9,81,657026,115.65,Action
Unbroken,137,7.2,59,158315,115.64,Action
Peter Rabbit,95,6.6,51,39912,115.25,Animation
Girls Trip,122,6.2,71,36281,115.17,Adventure
Dumbo,112,6.3,51,71121,114.77,Adventure
Fifty Shades Darker,118,4.6,33,96884,114.38,Drama
Dodgeball: A True Underdog Story,92,6.7,55,238423,114.33,Comedy
The Village,108,6.5,44,252019,114.20,Drama
Bolt,96,6.8,67,199453,114.05,Animation
Maleficent: Mistress of Evil,119,6.6,43,95176,113.93,Adventure
Night at the Museum: Secret of the Tomb,98,6.2,47,114133,113.75,Adventure
Magic Mike,110,6.1,72,135001,113.72,Comedy
The Patriot,165,7.2,63,263494,113.33,Action
Bad Moms,100,6.2,60,119484,113.26,Comedy
The Bourne Legacy,135,6.6,61,292911,113.20,Action
The Pacifier,95,5.6,30,91419,113.09,Action
Dr. Dolittle 2,87,4.7,49,44358,112.95,Comedy
It's Complicated,120,6.5,57,89534,112.74,Comedy
Spy Kids,88,5.5,71,113035,112.72,Action
The Hangover Part III,100,5.8,30,303291,112.20,Comedy
Spy Kids 3-D: Game Over,84,4.3,57,57846,111.76,Action
Mr. Peabody & Sherman,92,6.8,59,66324,111.51,Animation
The Last Samurai,154,7.7,55,417137,111.11,Action
Glass,129,6.6,43,225479,111.05,Drama
Spy,120,7.0,75,237845,110.83,Action
Tropic Thunder,107,7.0,71,395823,110.52,Action
Godzilla: King of the Monsters,132,6.0,48,167914,110.50,Action
Valentine's Day,125,5.7,34,116931,110.49,Comedy
The Grudge,91,5.9,49,142082,110.36,Horror
Fun with Dick and Jane,90,6.2,47,141093,110.33,Comedy
Freaky Friday,97,6.2,70,131783,110.23,Comedy
Trainwreck,125,6.2,75,133844,110.21,Comedy
Bedtime Stories,99,6.0,33,91581,110.10,Adventure
Scary Movie 3,84,5.5,49,142430,110.00,Comedy
Creed,133,7.6,82,259569,109.77,Drama
The 40-Year-Old Virgin,116,7.1,73,414639,109.45,Comedy
Couples Retreat,113,5.5,23,105177,109.21,Comedy
Black Hawk Down,144,7.7,74,378567,108.64,Drama
The Upside,126,7.0,46,52448,108.25,Comedy
The Princess Diaries,115,6.4,52,135944,108.25,Comedy
Little Women,135,7.8,91,168436,108.10,Drama
Hop,95,5.4,41,33015,108.09,Animation
Paranormal Activity,86,6.3,68,229140,107.92,Horror
Baby Driver,113,7.6,86,481319,107.83,Action
Epic,102,6.7,52,102747,107.52,Animation
Watchmen,162,7.6,56,527869,107.51,Action
Angry Birds,97,6.3,43,86323,107.51,Animation
Captain Phillips,134,7.8,82,439388,107.10,Adventure
Black Swan,108,8.0,79,726689,106.95,Drama
Chicken Run,84,7.0,88,183741,106.83,Animation
Miss Congeniality,109,6.3,43,197708,106.81,Action
300: Rise of an Empire,102,6.2,48,289485,106.58,Action
The Italian Job,111,7.0,68,354261,106.13,Action
How to Lose a Guy in 10 Days,116,6.4,45,222979,105.81,Comedy
The Lego Movie 2: The Second Part,107,6.6,65,60664,105.81,Animation
Robin Hood,140,6.6,53,260674,105.27,Action
Pitch Perfect 3,93,5.8,40,60199,104.90,Comedy
American Wedding,96,6.3,43,200418,104.57,Comedy
Road to Perdition,117,7.7,72,257882,104.45,Crime
The Princess and the Frog,97,7.1,73,133072,104.40,Animation
The Chronicles of Narnia: The Voyage of the Dawn Treader,113,6.3,53,147746,104.39,Adventure
Daddy Day Care,92,5.6,39,66360,104.30,Comedy
Daddy's Home 2,100,6.0,30,67135,104.03,Comedy
Paranormal Activity 3,83,5.8,59,92680,104.01,Horror
Journey 2: The Mysterious Island,94,5.8,41,98404,103.86,Action
The Mule,116,7.0,58,127092,103.80,Crime
Rise of the Guardians,97,7.3,58,164424,103.41,Animation
Dreamgirls,130,6.5,76,71901,103.37,Drama
Independence Day: Resurgence,120,5.2,32,173212,103.14,Action
The Expendables,103,6.5,45,335446,103.07,Action
Just Go with It,117,6.4,33,231231,103.03,Comedy
Murder on the Orient Express,114,6.5,52,225312,102.83,Crime
The Aviator,170,7.5,77,347009,102.61,Biography
Daredevil,103,5.3,42,213238,102.54,Action
The Girl with the Dragon Tattoo,158,7.8,71,442184,102.52,Crime
The Mummy: Tomb of the Dragon Emperor,112,5.2,31,155825,102.49,Action
The Conjuring 2,134,7.3,65,250367,102.47,Horror
The Maze Runner,113,6.8,57,439202,102.43,Action
Annabelle: Creation,109,6.5,62,124021,102.09,Horror
The Equalizer 2,121,6.7,50,146390,102.08,Action
Bad Grandpa,92,6.5,54,91785,102.00,Comedy
Pacific Rim,131,6.9,65,481491,101.80,Action
Journey to the Center of the Earth,93,5.8,57,118040,101.70,Action
Gone in 60 Seconds,118,6.5,35,268808,101.65,Action
The Equalizer,132,7.2,57,351768,101.53,Action
This Is the End,107,6.6,67,396522,101.47,Comedy
Noah,138,5.7,68,249327,101.20,Action
The Cat in the Hat,82,4.0,19,80006,101.15,Adventure
Eagle Eye,118,6.6,43,182427,101.11,Action
Rampage,107,6.1,45,155599,101.03,Action
Collateral,120,7.5,71,380821,101.01,Crime
Charlie's Angels: Full Throttle,106,4.9,48,125213,100.83,Action
Vanilla Sky,136,6.9,45,256356,100.61,Fantasy
Arrival,116,7.9,81,639765,100.55,Drama
Due Date,95,6.5,51,333342,100.54,Comedy
Million Dollar Baby,132,8.1,86,659985,100.49,Drama
A Wrinkle in Time,109,4.2,53,43303,100.48,Adventure
Step Brothers,98,6.9,51,279606,100.47,Comedy
Evan Almighty,96,5.4,37,143467,100.46,Comedy
Fifty Shades Freed,105,4.5,31,60737,100.41,Drama
Bad Teacher,92,5.6,47,198545,100.29,Comedy
Yogi Bear,80,4.6,35,21308,100.25,Animation
Cowboys & Aliens,119,6.0,50,214541,100.24,Action
Kingsman: The Golden Circle,141,6.7,44,294192,100.23,Action
Edge of Tomorrow,113,7.9,71,634449,100.21,Action
The Addams Family,86,5.8,46,34187,100.04,Animation
You Don't Mess with the Zohan,113,5.5,54,196247,100.02,Comedy
Passengers,116,7.0,41,374464,100.01,Drama
Gnomeo & Juliet,84,5.9,53,54270,99.97,Animation
Christopher Robin,104,7.3,60,73406,99.22,Animation
Olympus Has Fallen,119,6.5,41,266629,98.93,Action
The Green Hornet,119,5.8,39,158299,98.78,Action
Date Night,88,6.3,56,157342,98.71,Comedy
Meet the Robinsons,95,6.8,61,93171,97.82,Animation
Yes Man,104,6.8,46,348012,97.69,Comedy
Sausage Party,89,6.1,66,184624,97.69,Animation
Public Enemies,140,7.0,70,291009,97.10,Action
The Social Network,120,7.7,95,657607,96.96,Biography
Downton Abbey,122,7.4,64,46522,96.85,Drama
The Others,104,7.6,74,352058,96.52,Horror
Legally Blonde,96,6.4,59,201092,96.52,Comedy
Panic Room,112,6.8,65,269929,96.40,Crime
Rocketman,121,7.3,69,159491,96.37,Biography
Zero Dark Thirty,157,7.4,95,286317,95.72,Drama
Norbit,102,4.1,27,71983,95.67,Comedy
Cold Mountain,154,7.2,73,144266,95.64,Adventure
Sex and the City 2,146,4.5,27,76766,95.35,Comedy
The Princess Diaries 2: Royal Engagement,113,5.8,43,77540,95.17,Comedy
Unbreakable,106,7.3,62,402230,95.01,Drama
42,128,7.5,62,90720,95.00,Biography
The Book of Eli,118,6.9,53,304813,94.84,Action
"10,000 BC",109,5.1,34,128197,94.78,Action
Beverly Hills Chihuahua,91,3.8,41,23738,94.51,Adventure
Julie & Julia,123,7.0,66,113997,94.13,Biography
Maid in Manhattan,105,5.3,45,86958,94.01,Comedy
He's Just Not That Into You,129,6.4,47,167179,93.95,Comedy
Master and Commander: The Far Side of the World,138,7.4,81,212114,93.93,Action
Flight,138,7.3,76,339091,93.77,Drama
The Fighter,116,7.8,79,352431,93.62,Biography
America's Sweethearts,102,5.7,44,57024,93.61,Comedy
The Bucket List,97,7.4,42,238326,93.47,Adventure
Tomorrowland,130,6.4,60,177715,93.44,Action
The Magnificent Seven,132,6.9,54,200281,93.43,Action
Cats & Dogs,87,5.1,47,58313,93.39,Action
Space Station 3D,47,7.4,69,1664,93.37,Documentary
Two Weeks Notice,101,6.2,42,113698,93.35,Comedy
Red Dragon,124,7.2,60,262854,93.15,Crime
Elysium,109,6.6,61,432546,93.05,Action
The Town,125,7.5,74,369404,92.19,Crime
Non-Stop,106,6.9,56,257663,92.17,Action
Blade Runner 2049,164,8.0,81,505734,92.05,Action
John Wick: Chapter 2,122,7.5,75,396717,92.03,Action
Think Like a Man,122,6.5,51,45616,91.55,Comedy
Heaven Is for Real,99,5.8,47,26572,91.44,Biography
Ride Along 2,102,5.9,32,56056,91.22,Action
The Imitation Game,114,8.0,71,720936,91.13,Biography
Save the Last Dance,112,6.2,53,59796,91.06,Drama
The Scorpion King,92,5.5,45,134645,91.05,Action
Prince of Persia: The Sands of Time,116,6.6,50,280255,90.76,Action
Scary Movie 4,83,5.1,40,117531,90.71,Comedy
The Game Plan,110,6.1,44,62176,90.65,Comedy
"Me, Myself & Irene",116,6.6,49,230486,90.57,Comedy
High School Musical 3: Senior Year,112,4.9,57,60472,90.56,Comedy
Madea Goes to Jail,103,4.5,50,11827,90.49,Comedy
Space Cowboys,130,6.5,73,78420,90.46,Action
Get Hard,100,6.0,34,129566,90.41,Comedy
RED,111,7.0,60,299361,90.38,Action
Planes,91,5.7,39,43849,90.29,Animation
Legally Blonde 2,95,4.8,47,64331,90.19,Comedy
Mystic River,138,7.9,84,438451,90.14,Crime
Terminator Genisys,126,6.3,38,268386,89.76,Action
Flightplan,98,6.3,53,157488,89.71,Drama
The Emperor's New Groove,78,7.4,70,190787,89.30,Animation
The Lone Ranger,150,6.4,37,227802,89.30,Action
Taken 3,108,6.0,26,185886,89.26,Action
Don't Breathe,88,7.1,71,253373,89.22,Crime
Scream 3,116,5.6,56,129771,89.14,Horror
Oblivion,124,7.0,54,503178,89.02,Action
The Ugly Truth,96,6.4,28,211334,88.92,Comedy
Percy Jackson & the Olympians: The Lightning Thief,118,5.9,47,182837,88.76,Adventure
Failure to Launch,97,5.6,47,77689,88.72,Comedy
The Muppets,103,7.1,75,90127,88.63,Adventure
Inside Man,129,7.6,76,355261,88.51,Crime
Starsky & Hutch,101,6.1,55,143188,88.24,Comedy
Along Came Polly,90,6.0,44,131925,88.10,Comedy
Pineapple Express,111,6.9,64,326773,87.34,Action
Miss Peregrine's Home for Peculiar Children,127,6.7,57,163705,87.24,Adventure
Sisters,118,6.0,58,65106,87.04,Comedy
Saw II,93,6.6,40,242967,87.04,Horror
The Campaign,85,6.1,50,127926,86.91,Comedy
The Accountant,128,7.3,51,278712,86.26,Action
Dumb and Dumber to,109,5.6,36,133257,86.21,Comedy
The Emoji Movie,86,3.3,12,60483,86.09,Animation
Mean Girls,97,7.0,66,357273,86.06,Comedy
Annie,118,5.3,33,36396,85.91,Comedy
Alvin and the Chipmunks: The Road Chip,92,5.0,33,18405,85.89,Animation
Spy Kids 2: Island of Lost Dreams,100,5.2,66,64958,85.85,Action
Fury,134,7.6,64,452766,85.82,Action
Alita: Battle Angel,122,7.3,53,248528,85.71,Action
Real Steel,127,7.0,56,311857,85.47,Action
The SpongeBob SquarePants Movie,87,7.1,66,85299,85.42,Animation
Power Rangers,124,5.9,44,105118,85.36,Action
Brother Bear,85,6.8,48,103436,85.34,Animation
Anchorman: The Legend of Ron Burgundy,94,7.2,63,341195,85.29,Comedy
Open Season,86,6.1,49,91425,85.11,Animation
Green Book,130,8.2,69,430943,85.08,Biography
The Expendables 2,103,6.6,51,299598,85.02,Action
Paranormal Activity 2,91,5.7,53,101416,84.75,Horror
Tammy,97,4.9,39,50262,84.53,Comedy
The Santa Clause 3: The Escape Clause,92,4.8,32,35017,84.50,Adventure
Ferdinand,108,6.8,58,53023,84.41,Animation
Dolphins,39,7.2,NaN,497,84.40,Documentary
"Crazy, Stupid, Love.",118,7.4,68,493582,84.35,Comedy
Annabelle,99,5.4,37,150853,84.27,Horror
Scooby-Doo 2: Monsters Unleashed,93,5.1,34,53720,84.22,Adventure
Birds of Prey,109,6.1,60,211853,84.16,Action
Atlantis: The Lost Empire,95,6.9,52,111702,84.05,Animation
The Other Woman,109,6.0,39,135492,83.91,Comedy
Up in the Air,109,7.4,83,327015,83.82,Comedy
Wrath of the Titans,99,5.7,37,185575,83.67,Action
Insidious: Chapter 2,106,6.6,40,163281,83.59,Horror
Battle Los Angeles,116,5.7,37,177477,83.55,Action
Immortals,110,6.0,46,164775,83.50,Action
I Can Only Imagine,110,7.4,30,15450,83.48,Biography
Penguins of Madagascar,92,6.7,53,85257,83.35,Animation
Saving Mr. Banks,125,7.5,65,156975,83.30,Biography
Smallfoot,96,6.6,60,37111,83.24,Animation
Valkyrie,121,7.1,56,235438,83.08,Drama
Brokeback Mountain,134,7.7,87,339709,83.04,Drama
Turbo,96,6.4,58,90695,83.03,Animation
Charlotte's Web,97,6.3,68,39774,82.99,Adventure
Monster-in-Law,101,5.6,31,58947,82.93,Comedy
Are We There Yet?,95,4.7,27,31017,82.67,Adventure
Freddy vs. Jason,97,5.7,37,115201,82.62,Action
The Descendants,115,7.3,84,237154,82.58,Comedy
Cheaper by the Dozen 2,94,5.5,34,56958,82.57,Adventure
Let's Be Cops,104,6.4,30,130758,82.39,Action
Blade II,117,6.7,52,208250,82.35,Action
Bridge to Terabithia,96,7.2,74,149596,82.27,Drama
The Pink Panther,93,5.7,38,84304,82.23,Adventure
Beowulf,115,6.2,59,165214,82.16,Animation
Teenage Mutant Ninja Turtles: Out of the Shadows,112,6.0,40,88484,82.05,Action
The Post,116,7.2,83,143956,81.90,Drama
Maze Runner: The Scorch Trials,131,6.3,43,235236,81.70,Action
Eight Below,120,7.3,64,63205,81.61,Adventure
Unstoppable,98,6.8,69,191600,81.56,Action
Ted 2,115,6.3,48,195730,81.48,Comedy
School of Rock,109,7.1,82,292309,81.26,Comedy
Snow Dogs,99,5.2,29,26233,81.17,Adventure
21,123,6.8,48,239007,81.16,Crime
The Notebook,123,7.8,53,542728,81.00,Drama
Jimmy Neutron: Boy Genius,82,6.0,65,32795,80.94,Animation
Eat Pray Love,133,5.8,50,93343,80.57,Biography
The Texas Chainsaw Massacre,98,6.2,38,135820,80.57,Crime
Hustlers,110,6.3,79,91497,80.55,Comedy
Zookeeper,102,5.2,30,59522,80.36,Comedy
Alien vs. Predator,101,5.6,29,191109,80.28,Action
What Happens in Vegas,99,6.1,36,170079,80.28,Comedy
The Dukes of Hazzard,104,5.1,33,77426,80.27,Comedy
Saw III,108,6.2,48,186472,80.24,Crime
Disturbia,105,6.8,62,229602,80.21,Crime
Nacho Libre,92,5.8,52,84876,80.20,Comedy
Jumper,88,6.1,35,296347,80.17,Action
The Mummy,110,5.4,34,179928,80.10,Action
Goosebumps,103,6.3,60,84858,80.08,Adventure
Jack Reacher,130,7.0,50,322162,80.07,Action
Cloverfield,85,7.0,64,384331,80.05,Action
Dear John,108,6.3,43,143983,80.01,Drama
Men in Black: International,114,5.6,38,123832,80.00,Action
Knowing,121,6.2,41,227583,79.96,Action
War Horse,146,7.2,72,152364,79.88,Action
Dark Shadows,113,6.2,55,255977,79.73,Comedy
Hannah Montana: The Movie,102,4.6,47,41273,79.57,Comedy
The Day the Earth Stood Still,104,5.5,40,167046,79.37,Drama
Limitless,105,7.4,59,546702,79.25,Sci-Fi
The Purge: Election Year,108,6.0,55,95848,79.21,Action
Pixels,105,5.5,27,137552,78.75,Animation
A.I. Artificial Intelligence,146,7.2,65,298993,78.62,Drama
We Were Soldiers,138,7.2,65,135724,78.12,Action
Tower Heist,104,6.2,59,138826,78.05,Action
The Monuments Men,118,6.1,52,128535,78.03,Comedy
Man on Fire,146,7.7,47,346321,77.91,Action
The Terminal,128,7.4,55,430349,77.87,Comedy
Gangs of New York,167,7.5,72,421900,77.81,Crime
The Adventures of Tintin,107,7.3,68,223801,77.59,Animation
March of the Penguins,80,7.5,79,57207,77.44,Documentary
Night School,111,5.6,43,38795,77.34,Comedy
Parental Guidance,105,6.0,36,25505,77.27,Comedy
Where the Wild Things Are,101,6.7,71,102972,77.23,Adventure
The A-Team,117,6.7,47,252685,77.22,Action
U-571,116,6.6,62,80494,77.09,Action
Dolittle,101,5.6,26,55650,77.05,Adventure
Alice Through the Looking Glass,113,6.2,34,100614,77.04,Adventure
27 Dresses,111,6.1,47,159121,76.81,Comedy
Training Day,122,7.7,69,411323,76.63,Crime
Rugrats in Paris,78,6.2,62,12032,76.51,Animation
Knight and Day,109,6.3,46,187165,76.42,Action
Paddington,95,7.3,77,105780,76.27,Animation
Pete's Dragon,102,6.7,71,56475,76.23,Action
The Ring Two,110,5.4,44,94043,76.23,Horror
Constantine,121,7.0,50,323500,75.98,Action
The Haunted Mansion,88,5.1,34,46794,75.85,Comedy
The Family Man,125,6.8,42,106695,75.79,Comedy
Barbershop,102,6.3,66,30615,75.78,Comedy
The Intern,121,7.1,51,237714,75.76,Comedy
Hellboy II: The Golden Army,120,7.0,78,263034,75.75,Action
Contagion,106,6.8,70,293705,75.66,Drama
"You, Me and Dupree",110,5.6,46,80192,75.63,Comedy
We Bought a Zoo,124,7.1,58,139482,75.62,Comedy
2 Guns,109,6.7,55,204507,75.61,Action
Moneyball,133,7.6,87,393401,75.61,Biography
The Rookie,127,6.9,72,33826,75.60,Drama
Zombieland,88,7.6,73,544647,75.59,Adventure
Old School,88,7.1,54,223244,75.59,Comedy
The Hitman's Bodyguard,118,6.9,47,214163,75.47,Action
The Girl on the Train,112,6.5,48,179223,75.40,Crime
Garfield,80,5.0,27,83091,75.37,Animation
Ray,152,7.7,73,143311,75.33,Biography
Coraline,100,7.7,80,210098,75.29,Animation
The Exorcism of Emily Rose,119,6.7,46,124702,75.07,Drama
Eragon,104,5.1,38,124366,75.03,Action
Ladder 49,115,6.5,47,57147,74.54,Action
Four Brothers,109,6.8,49,140261,74.49,Action
No Country for Old Men,122,8.1,91,905550,74.28,Crime
Alien: Covenant,122,6.4,65,266807,74.26,Horror
Jack and Jill,91,3.3,23,81480,74.16,Comedy
Annabelle Comes Home,106,5.9,53,68063,74.15,Horror
Sin City,124,8.0,74,751106,74.10,Crime
Along Came a Spider,104,6.4,42,81621,74.08,Drama
Captain Underpants: The First Epic Movie,89,6.2,69,26710,73.92,Animation
Hugo,126,7.5,83,313820,73.86,Drama
Christmas with the Kranks,99,5.4,22,45766,73.78,Comedy
Monster House,91,6.6,68,109540,73.66,Animation
Law Abiding Citizen,109,7.4,34,283293,73.34,Action
Yesterday,116,6.8,55,139010,73.29,Comedy
Spirit: Stallion of the Cimarron,83,7.2,52,71599,73.28,Animation
Tyler Perry's a Madea Family Funeral,109,4.5,39,4193,73.26,Comedy
Hollow Man,112,5.8,24,127734,73.21,Action
Boo! A Madea Halloween,103,4.6,30,8184,73.16,Comedy
White House Down,131,6.3,52,213891,73.10,Action
John Carter,132,6.6,51,263479,73.08,Action
Hotel for Dogs,100,5.4,51,22733,73.03,Comedy
Dinner for Schmucks,114,5.9,56,104125,73.03,Comedy
Justin Bieber: Never Say Never,105,1.6,52,76155,73.01,Documentary
Barnyard,90,5.6,42,29591,72.78,Animation
Jackass Number Two,92,7.0,66,69793,72.78,Documentary
The Interpreter,128,6.4,62,103428,72.71,Crime
Hercules,98,6.0,47,151324,72.69,Action
Storks,87,6.8,56,59425,72.68,Animation
Bridge of Spies,142,7.6,81,299842,72.31,Drama
Dolphin Tale,113,6.8,64,23463,72.29,Drama
Vantage Point,90,6.6,40,147909,72.27,Action
A Bad Moms Christmas,104,5.6,42,47267,72.11,Comedy
This Is It,111,7.2,67,39728,72.09,Documentary
10 Cloverfield Lane,103,7.2,76,306764,72.08,Action
Fred Claus,116,5.6,42,41637,72.01,Comedy
1408,104,6.8,64,263062,71.99,Fantasy
The Purge: Anarchy,103,6.4,50,146478,71.96,Action
John Q,116,7.1,30,128919,71.76,Crime
RV,99,5.5,33,58307,71.73,Adventure
Mama,100,6.2,57,175013,71.63,Fantasy
Bridget Jones's Diary,97,6.7,66,234857,71.54,Comedy
Chocolat,121,7.2,64,184542,71.51,Drama
Sideways,127,7.5,94,185687,71.50,Comedy
"I Love You, Man",105,7.0,70,199325,71.44,Comedy
Safe Haven,115,6.7,34,107925,71.35,Drama
Scary Movie 2,83,5.3,29,155484,71.31,Comedy
The Spiderwick Chronicles,96,6.5,62,92275,71.20,Action
The Score,124,6.8,71,125208,71.07,Action
Paul Blart: Mall Cop 2,94,4.4,13,36091,71.04,Action
The Smurfs 2,105,5.3,34,40253,71.02,Animation
Shallow Hal,114,5.9,48,130729,70.84,Comedy
White Chicks,109,5.7,41,138075,70.83,Comedy
No Strings Attached,108,6.2,50,221757,70.66,Comedy
The Best Man Holiday,123,6.7,59,15389,70.53,Comedy
V for Vendetta,132,8.1,62,1069805,70.51,Action
The Invisible Man,124,7.1,72,195278,70.41,Drama
Shaft,99,6.0,50,75625,70.33,Action
World Trade Center,129,5.9,66,81925,70.28,Drama
Rocky Balboa,102,7.1,63,210193,70.27,Action
The Big Short,130,7.8,81,393155,70.26,Biography
Fool's Gold,112,5.7,29,76723,70.23,Action
Big Momma's House 2,99,4.8,34,42318,70.17,Comedy
The Golden Compass,113,6.1,51,183634,70.11,Adventure
Kill Bill: Vol. 1,111,8.1,69,1050867,70.10,Action
Act of Valor,110,6.5,40,67973,70.01,Action
Seven Pounds,123,7.6,36,294569,69.95,Drama
Swordfish,99,6.5,32,182125,69.77,Action
The Kid,104,6.1,45,41433,69.69,Comedy
Divine Secrets of the Ya-Ya Sisterhood,116,6.1,48,19046,69.60,Drama
The First Purge,97,5.2,54,60337,69.49,Action
Vertical Limit,124,5.9,48,60373,69.24,Action
Game Night,100,6.9,66,220813,69.18,Action
Good Boys,90,6.7,NaN,69203,69.06,Adventure
Guess Who,105,5.9,49,41706,68.92,Comedy
Sahara,124,6.0,41,95589,68.67,Action
Book Club,104,6.1,53,27037,68.57,Comedy
Percy Jackson: Sea of Monsters,106,5.8,39,114266,68.56,Adventure
The House with a Clock in Its Walls,105,6.1,57,49159,68.55,Comedy
Road Trip,93,6.4,55,163766,68.54,Comedy
Skyscraper,102,5.8,51,115043,68.42,Action
Bring It on,98,6.1,52,92240,68.38,Comedy
National Theatre Live: The Curious Incident of the Dog in the Night-Time,160,8.5,NaN,331,68.32,Drama
Obsessed,108,5.0,25,31364,68.26,Drama
Mr. Popper's Penguins,94,6.0,53,92354,68.22,Comedy
War Room,120,6.5,26,14401,67.79,Drama
Insidious: The Last Key,103,5.7,49,56783,67.75,Horror
The Tourist,103,6.0,37,233369,67.63,Action
This Is 40,134,6.2,59,133856,67.54,Comedy
Holes,117,7.0,71,82786,67.41,Adventure
Instant Family,118,7.3,57,99821,67.36,Comedy
Insomnia,118,7.2,78,285213,67.36,Drama
A Good Day to Die Hard,98,5.3,28,202717,67.35,Action
Role Models,99,6.8,61,225586,67.29,Comedy
Hidalgo,136,6.7,54,79730,67.29,Action
Lights Out,81,6.3,58,122549,67.27,Drama
Coach Carter,136,7.3,57,136979,67.26,Biography
Hacksaw Ridge,139,8.1,71,471263,67.21,Biography
Race to Witch Mountain,98,5.7,52,57976,67.17,Action
Angel Has Fallen,121,6.4,45,89401,67.16,Action
The Bounty Hunter,110,5.6,22,124733,67.06,Action
102 Dalmatians,100,4.9,35,36516,66.96,Adventure
"Alexander and the Terrible, Horrible, No Good, Very Bad Day",81,6.2,54,42755,66.95,Comedy
Kangaroo Jack,89,4.4,16,30860,66.93,Action
Changing Lanes,98,6.5,69,70296,66.82,Drama
The Mexican,123,6.1,43,106366,66.81,Adventure
Charlie Wilson's War,102,7.0,67,114811,66.66,Biography
The Forgotten,91,5.8,43,65187,66.64,Drama
Contraband,109,6.4,51,120227,66.53,Action
Looper,113,7.4,84,552065,66.49,Action
The Final Destination,82,5.2,30,101384,66.48,Action
The League of Extraordinary Gentlemen,110,5.8,30,172436,66.47,Action
Finding Forrester,136,7.3,62,84921,66.40,Drama
Warm Bodies,98,6.8,60,225392,66.38,Comedy
Big Fish,125,8.0,58,428345,66.26,Adventure
Kill Bill: Vol. 2,137,8.0,83,716684,66.21,Action
Allegiant,120,5.7,33,115440,66.18,Action
Herbie Fully Loaded,101,4.8,47,46672,66.02,Adventure
Magic Mike XXL,115,5.6,60,54295,66.01,Comedy
The Manchurian Candidate,129,6.6,76,108151,65.96,Drama
X-Men: Dark Phoenix,113,5.7,43,171135,65.85,Action
Lara Croft Tomb Raider: The Cradle of Life,117,5.6,43,135228,65.66,Action
Madea's Witness Protection,114,4.9,42,10571,65.65,Comedy
The Taking of Pelham 123,106,6.4,55,192023,65.45,Action
Battleship,131,5.8,41,241978,65.42,Action
Step Up,104,6.5,48,114522,65.33,Crime
Hannah Montana and Miley Cyrus: Best of Both Worlds Concert,74,2.6,59,11973,65.28,Documentary
The Amityville Horror,90,6.0,33,109257,65.23,Horror
The Visit,94,6.2,55,123001,65.21,Horror
Jack the Giant Slayer,114,6.2,51,135019,65.19,Animation
Think Like a Man Too,106,5.8,38,20490,65.18,Comedy
Barbershop 2: Back in Business,106,5.7,59,14662,65.11,Comedy
Now You See Me 2,129,6.5,46,267136,65.08,Action
About Schmidt,125,7.1,85,126590,65.02,Comedy
Exodus: Gods and Kings,150,6.0,52,164078,65.01,Action
Friday the 13th,97,5.5,34,102726,65.00,Horror
Pitch Perfect,112,7.1,66,290650,65.00,Comedy
Stuart Little 2,77,5.5,66,52527,64.96,Animation
Mirror Mirror,106,5.6,46,86244,64.94,Adventure
Flushed Away,85,6.6,74,119312,64.67,Animation
Chronicle,84,7.0,69,245275,64.58,Action
A Dog's Purpose,100,7.2,43,69108,64.51,Adventure
The Happening,91,5.0,34,201817,64.51,Drama
The Purge,85,5.7,41,213479,64.47,Horror
The Wedding Ringer,101,6.6,35,73605,64.46,Comedy
Miracle,135,7.5,68,51891,64.38,Biography
Jackass: The Movie,87,6.6,42,86414,64.26,Documentary
The Nut Job,85,5.7,37,27695,64.25,Animation
Down to Earth,87,5.5,32,23464,64.19,Comedy
17 Again,102,6.4,48,190243,64.17,Comedy
Ice Age: Collision Course,94,5.7,34,61335,64.06,Animation
Deja Vu,126,7.1,59,301518,64.04,Action
Happy Feet Two,100,5.9,50,43410,64.01,Animation
Diary of a Wimpy Kid,120,6.2,56,46204,64.00,Comedy
Sky High,100,6.2,62,83379,63.95,Adventure
Last Vegas,105,6.6,48,130759,63.91,Comedy
Mona Lisa Smile,117,6.5,45,79875,63.86,Drama
The Shape of Water,123,7.3,87,395041,63.86,Adventure
Unknown,113,6.8,56,256015,63.69,Action
Hope Springs,100,6.3,65,41989,63.54,Comedy
Miami Vice,132,6.0,66,113917,63.45,Action
The Time Traveler's Wife,107,7.1,47,145748,63.41,Comedy
Madea's Family Reunion,107,5.3,45,11129,63.32,Comedy
Saw IV,93,5.9,36,146068,63.30,Crime
The Holiday,136,6.9,52,262666,63.22,Comedy
Forgetting Sarah Marshall,111,7.1,67,274245,63.17,Comedy
The Sorcerer's Apprentice,109,6.1,46,157619,63.15,Action
A Nightmare on Elm Street,95,5.2,35,96574,63.08,Crime
The Boss,99,5.4,40,44284,63.03,Comedy
The Last Song,107,6.0,33,84664,62.95,Drama
Scary Stories to Tell in the Dark,108,6.2,61,69150,62.74,Adventure
London Has Fallen,99,5.9,28,151854,62.68,Action
Jarhead,125,7.0,58,182257,62.66,Action
Black Mass,123,6.9,68,173992,62.58,Biography
The Fast and the Furious: Tokyo Drift,104,6.0,45,258300,62.51,Action
The Adjustment Bureau,106,7.0,60,251298,62.50,Romance
The Call of the Wild,100,6.8,47,44312,62.34,Adventure
Underworld: Awakening,88,6.3,39,150419,62.32,Action
Underworld: Evolution,106,6.7,36,195067,62.32,Action
Terminator: Dark Fate,128,6.2,54,163896,62.25,Action
Bewitched,102,4.8,34,71073,62.25,Comedy
The Wolfman,103,5.8,43,105020,61.98,Drama
Ender's Game,114,6.6,51,231758,61.74,Action
A Beautiful Day in the Neighborhood,109,7.3,80,70289,61.70,Biography
Miracles from Heaven,109,7.1,44,24038,61.69,Biography
Cinderella Man,144,8.0,69,181899,61.65,Biography
Onward,102,7.4,61,127398,61.56,Animation
Deepwater Horizon,107,7.1,68,160935,61.43,Action
Stomp the Yard,115,5.5,44,25327,61.36,Drama
Rules of Engagement,128,6.4,45,46290,61.34,Drama
The Cell,107,6.4,40,99822,61.33,Crime
Friday Night Lights,118,7.2,70,61373,61.26,Action
The Shaggy Dog,98,4.4,43,18873,61.12,Comedy
Prisoners,153,8.1,70,643014,61.00,Crime
Get Him to the Greek,109,6.3,65,174076,60.97,Comedy
Mission to Mars,114,5.7,34,72149,60.88,Adventure
Coyote Ugly,100,5.7,27,111046,60.79,Comedy
God's Not Dead,113,4.7,16,41924,60.76,Drama
Abominable,97,7.0,61,34458,60.72,Animation
Poseidon,98,5.7,50,101795,60.67,Action
After Earth,100,4.8,33,196675,60.52,Action
Shanghai Knights,114,6.2,58,103429,60.48,Action
The Lucky One,101,6.5,39,104812,60.46,Drama
The Wedding Planner,103,5.3,33,79017,60.40,Comedy
Burn After Reading,96,7.0,63,321531,60.36,Comedy
Why Him?,111,6.2,39,106701,60.32,Comedy
Blockers,102,6.2,69,75791,60.31,Comedy
Baby Mama,99,6.0,55,43811,60.27,Comedy
Resident Evil: Afterlife,96,5.8,37,166766,60.13,Action
Why Did I Get Married Too?,121,4.7,43,9483,60.10,Comedy
The Family Stone,103,6.3,56,64086,60.06,Comedy
Bad Santa,92,7.0,70,138299,60.06,Comedy
Brüno,81,5.8,54,146907,60.05,Comedy
Tooth Fairy,101,5.0,36,44591,60.02,Comedy
Snow Day,89,5.1,34,12101,60.02,Adventure
The Good Shepherd,167,6.7,61,101026,59.95,Drama
Little Miss Sunshine,101,7.8,80,456230,59.89,Comedy
Pacific Rim: Uprising,111,5.6,44,111832,59.87,Action
The Benchwarmers,85,5.5,25,49787,59.84,Comedy
Secretariat,123,7.2,61,27627,59.71,Biography
Son of God,138,5.7,37,18731,59.70,Biography
Love Actually,135,7.6,55,448957,59.70,Comedy
Gothika,98,5.8,38,110540,59.69,Horror
My Big Fat Greek Wedding 2,94,6.0,37,29640,59.69,Comedy
The Dictator,83,6.4,58,290614,59.65,Comedy
